{"cameraMode":{"drawMode":0,"name":"Shaded","section":"Shading Mode"},"sceneLighting":false,"audioPlay":false,"sceneViewState":{"showFog":false,"showMaterialUpdate":false,"showSkybox":false,"showFlares":false,"showImageEffects":false,"showParticleSystems":false},"in2DMode":false,"pivot":{"x":2.381999969482422,"y":12.383000373840332,"z":4.096499919891357},"rotation":{"x":-0.05426215007901192,"y":-0.027858251705765725,"z":0.0015141685726121069,"w":-0.9981392621994019},"size":26.54050636291504,"orthographic":false}