{"cameraMode":{"drawMode":0,"name":"Shaded","section":"Shading Mode"},"sceneLighting":false,"audioPlay":false,"sceneViewState":{"showFog":false,"showMaterialUpdate":false,"showSkybox":false,"showFlares":false,"showImageEffects":false,"showParticleSystems":false},"in2DMode":false,"pivot":{"x":-5.020000457763672,"y":6.504000663757324,"z":4.096488952636719},"rotation":{"x":-0.05426215007901192,"y":-0.027858251705765725,"z":0.0015141685726121069,"w":-0.9981392621994019},"size":18.287784576416017,"orthographic":false}