{"cameraMode":{"drawMode":0,"name":"Shaded","section":"Shading Mode"},"sceneLighting":false,"audioPlay":false,"sceneViewState":{"showFog":false,"showMaterialUpdate":false,"showSkybox":false,"showFlares":false,"showImageEffects":false,"showParticleSystems":false},"in2DMode":false,"pivot":{"x":-6.3539228439331059,"y":-2.0722501277923586,"z":4.096488952636719},"rotation":{"x":-0.1495715081691742,"y":0.19933822751045228,"z":-0.030802231281995775,"w":-0.9679601192474365},"size":20.948223114013673,"orthographic":false}